description;amount;categoryName;currency;date
Cafe y medialunas;-35000.00;Restaurant y comida rapida;ARS;2026-05-17
Bono anual;250000.00;Salario;ARS;2026-05-18
Camara Fujifilm X100V. Cuotas sin interes;-67000.00;Pintura, dibujo y fotografia;ARS;2026-05-19
Analgesicos y vitaminas farmacia del centro;-80000.00;Medicamentos e insumos;ARS;2026-05-20
Empanadas para el partido;-45000.00;Comida y alimentos;ARS;2026-05-21
Neumatico trasero moto. Pinchadura en autopista;-28000.00;Mantenimiento vehiculos;ARS;2026-05-22
Jeans y remera outlet;-155000.00;Ropa;ARS;2026-05-23
Sueldo mayo;950000.00;Salario;ARS;2026-05-24
Sandwich y gaseosa almuerzo trabajo;-75000.00;Restaurant y comida rapida;ARS;2026-05-25
Inversion plazo fijo 30 dias;-320000.00;Inversiones y finanzas;ARS;2026-05-26
Pelo. Corte y barba;-50000.00;Hobbies;ARS;2026-05-27
Entradas Luna Park. Show tributo Pink Floyd;-145000.00;Recitales y eventos;ARS;2026-05-28
Vencimiento plazo fijo con intereses;370000.00;Inversiones y finanzas;ARS;2026-05-29
Cinta y pinceles para repintar el cuarto;-89000.00;Pintura, dibujo y fotografia;ARS;2026-05-30
Sueldo junio;950000.00;Salario;ARS;2026-05-31
Service completo auto. Cambio correa distribucion;-430000.00;Mantenimiento vehiculos;ARS;2026-06-01
Zapatillas running Nike;-68000.00;Ropa;ARS;2026-06-02
Turno oftalmologico y compra de lentes;-1800.00;Salud;ARS;2026-06-03
Curso programacion Android. Pago mensual;-9200.00;Estudios particulares;ARS;2026-06-04
Sueldo julio;950000.00;Salario;ARS;2026-06-05
Facturas panaderia;-28000.00;Comida y alimentos;ARS;2026-06-06
Bicicleta de ruta usada. Comprada a un conocido;-550000.00;Hobbies;ARS;2026-06-07
Medicamentos para el viaje. Antiparasitarios y protector solar;-34000.00;Medicamentos e insumos;ARS;2026-06-08
Venta bici vieja;250000.00;Hobbies;ARS;2026-06-09
Cena cumpleaños. Restaurante La Cabrera;-12000.00;Restaurant y comida rapida;ARS;2026-06-10
Aceite de oliva y especias importadas;-1100.00;Comida y alimentos;ARS;2026-06-11
Sueldo septiembre;95000.00;Salario;ARS;2026-06-12
Estacionamiento y peajes fin de semana;-500.00;Vehiculos;ARS;2026-06-13
Campera de cuero. Liquidacion invierno;-18700.00;Ropa;ARS;2026-06-14
Consulta nutricionista. Plan alimentario 3 meses, incluyendo alimentación, suplementos, rutinas de entrenamiento y control diario de calorías. Pesado cada 2 semanas;-4100.00;Salud;ARS;2026-06-15
